CUT (Código Único Territorial),Comuna,Provincia,Región, Superficie (km2) ,Población Año 2017,Densidad (hab./km2),IDH 2005,Latitud (Decimal),Longitud (decimal),Latitud (Sexagesimal),Longitud (Sexagesimal)
1101,Iquique,Iquique, Tarapacá," 2,242.10 "," 191,468 ",85.4,0.766,-20.2439 ,-70.1389 , -20°14' 38'' , -70°8'  20'' 
1107,Alto Hospicio,Iquique, Tarapacá, 572.90 ," 108,375 ",189.2,,-20.2569 ,-70.0219 , -20°15'  25'' , -70°1' 19'' 
1401,Pozo Almonte,Tamarugal, Tarapacá," 13,765.80 "," 15,711 ",1.14,0.722,-20.2908 ,-69.6958 , -20°17' 27'' , -69°41' 45'' 
1402,Camiña,Tamarugal, Tarapacá," 2,200.20 "," 1,250 ",0.57,0.619,-20.4828 ,-69.3669 , -20°28' 58'' , -69°22' 1'' 
1403,Colchane,Tamarugal, Tarapacá," 4,015.60 "," 1,728 ",0.43,0.603,-19.2839 ,-68.6750 , -19°17' 2'' ," -68°40' 30"" "
1404,Huara,Tamarugal, Tarapacá," 10,474.60 "," 2,730 ",0.26,0.676,-19.8089 ,-69.9719 , -19°48' 32'' , -69°58' 19'' 
1405,Pica,Tamarugal, Tarapacá," 8,934.30 "," 9,296 ",1.04,0.793,-20.4828 ,-69.3778 , -20°28' 58'' , -69°22' 40'' 
2101,Antofagasta,Antofagasta, Antofagasta," 30,718.10 "," 361,873 ",11.8,0.734,-23.6508 ,-70.3950 , -23°39' 3'' ," -70°23' 42"" "
2102,Mejillones,Antofagasta, Antofagasta," 3,803.90 "," 13,467 ",3.54,0.73,-23.1100 ,-70.4558 ," -23°6' 36"" ", -70°27' 21'' 
2103,Sierra Gorda,Antofagasta, Antofagasta," 12,886.00 "," 10,186 ",0.79,0.789,-22.8978 ,-69.3228 , -22°53' 52'' , -69°19' 22'' 
2104,Taltal,Antofagasta, Antofagasta," 20,405.10 "," 13,317 ",0.65,0.716,-25.4100 ,-70.4889 ," -25°24' 36"" ", -70°29' 20'' 
2201,Calama,El Loa, Antofagasta," 15,596.90 "," 165,731 ",10.6,0.757,-22.4739 ,-68.9239 , -22°28' 26'' , -68°55' 26'' 
2202,Ollagüe,El Loa, Antofagasta," 2,964.00 ", 321 ,0.11,0.679,-21.2328 ,-68.2669 , -21°13' 58'' , -68°16' 1'' 
2203,San Pedro de Atacama,El Loa, Antofagasta," 23,439.00 "," 10,996 ",0.47,0.711,-22.9200 ,-68.2100 ," -22°55' 12"" "," -68°12' 36"" "
2301,Tocopilla,Tocopilla, Antofagasta," 4,038.80 "," 25,186 ",6.24,0.69,-22.0819 ,-70.1889 , -22°4' 55'' , -70°11' 20'' 
2302,María Elena,Tocopilla, Antofagasta," 12,197.00 "," 6,457 ",0.53,0.779,-22.3169 ,-69.6769 , -22°19' 1'' , -69°40' 37'' 
3101,Copiapó,Copiapó, Atacama," 16,681.30 "," 153,937 ",9.23,0.725,-27.3750 ,-70.3289 ," -27°22' 30"" ", -70°19' 44'' 
3102,Caldera,Copiapó, Atacama," 4,666.60 "," 17,662 ",3.79,0.741,-27.0658 ,-70.8258 , -27°3' 57'' , -70°49' 33'' 
3103,Tierra Amarilla,Copiapó, Atacama," 11,191.00 "," 14,019 ",1.25,0.686,-27.4728 ,-70.2828 , -27°28' 22'' , -70°16' 58'' 
3201,Chañaral,Chañaral, Atacama," 5,772.00 "," 12,219 ",2.12,0.714,-26.3458 ,-70.6239 , -26°20' 45'' , -70°37' 26'' 
3202,Diego de Almagro,Chañaral, Atacama," 18,664.00 "," 13,925 ",0.75,0.789,-26.3900 ,-70.0519 ," -26°23' 24"" ", -70°3' 7'' 
3301,Vallenar,Huasco, Atacama," 7,084.00 "," 51,917 ",7.33,0.731,-28.5769 ,-70.7700 , -28°34' 37'' ," -70°46' 12"" "
3302,Alto del Carmen,Huasco, Atacama," 5,939.00 "," 5,299 ",0.89,0.664,-28.7489 ,-70.4908 , -28°44' 56'' , -70°29' 27'' 
3303,Freirina,Huasco, Atacama," 3,207.90 "," 7,041 ",2.19,0.693,-28.5058 ,-71.0758 , -28°30' 21'' , -71°4' 33'' 
3304,Huasco,Huasco, Atacama," 1,601.40 "," 10,149 ",6.34,0.695,-28.4558 ,-71.1858 , -28°27' 21'' , -71°11' 9'' 
4101,La Serena,Elqui, Coquimbo," 1,892.80 "," 221,054 ",116.8,0.781,-29.9069 ,-71.2469 , -29°54' 25'' , -71°14' 49'' 
4102,Coquimbo,Elqui, Coquimbo," 1,429.00 "," 227,730 ",159.4,0.731,-29.9708 ,-71.3069 , -29°58' 15'' , -71°18' 25'' 
4103,Andacollo,Elqui, Coquimbo, 310.00 ," 11,044 ",35.7,0.675,-30.2300 ,-71.0858 ," -30°13' 48"" ", -71°5' 9'' 
4104,La Higuera,Elqui, Coquimbo," 4,158.20 "," 4,241 ",1.02,0.67,-29.5000 ,-71.2828 ," -29°30' 0"" ", -71°16' 58'' 
4105,Paihuano,Elqui, Coquimbo," 1,495.00 "," 4,497 ",3.01,0.734,-30.0378 ,-70.5069 , -30°2' 16'' , -70°30' 25'' 
4106,Vicuña,Elqui, Coquimbo," 7,610.00 "," 27,771 ",3.65,0.716,-30.0189 ,-70.7150 , -30°1' 8'' ," -70°42' 54"" "
4201,Illapel,Choapa, Coquimbo," 2,629.00 "," 30,848 ",11.7,0.667,-31.6389 ,-71.1789 , -31°38' 20'' , -71°10' 44'' 
4202,Canela,Choapa, Coquimbo," 2,196.60 "," 9,093 ",4.14,0.644,-31.3958 ,-71.4189 , -31°23' 45'' , -71°25' 8'' 
4203,Los Vilos,Choapa, Coquimbo," 1,823.80 "," 21,382 ",11.7,0.675,-31.9150 ,-71.5058 ," -31°54' 54"" ", -71°30' 21'' 
4204,Salamanca,Choapa, Coquimbo," 3,445.00 "," 29,347 ",8.52,0.676,-31.7800 ,-70.9669 ," -31°46' 48"" ", -70°58' 1'' 
4301,Ovalle,Limarí, Coquimbo," 3,835.00 "," 111,272 ",29,0.725,-30.5989 ,-71.1889 , -30°35' 56'' , -71°11' 20'' 
4302,Combarbalá,Limarí, Coquimbo," 2,257.50 "," 13,322 ",5.9,0.661,-31.1800 ,-71.0039 ," -31°10' 48"" ", -71°0' 14'' 
4303,Monte Patria,Limarí, Coquimbo," 4,366.90 "," 30,751 ",7.04,0.653,-30.7750 ,-70.9428 ," -30°46' 30"" ", -70°56' 34'' 
4304,Punitaqui,Limarí, Coquimbo," 1,339.00 "," 10,956 ",8.18,0.653,-30.8328 ,-71.2600 , -30°49' 58'' ," -71°15' 36"" "
4305,Río Hurtado,Limarí, Coquimbo," 2,180.00 "," 4,278 ",1.96,0.653,-30.2728 ,-70.6669 , -30°16' 22'' , -70°40' 1'' 
5101,Valparaíso,Valparaíso, Valparaíso, 401.60 ," 296,655 ",738.7,0.701,-33.0333 ,-71.6667 ," -33°2' 60"" ", -71°36' 57'' 
5102,Casablanca,Valparaíso, Valparaíso, 953.00 ," 26,867 ",28.2,0.712,-33.3250 ,-71.4100 ," -33°19' 30"" "," -71°24' 36"" "
5103,Concón,Valparaíso, Valparaíso, 76.00 ," 42,152 ",554.6,0.781,-32.9600 ,-71.4689 ," -32°57' 36"" ", -71°28' 8'' 
5104,Juan Fernández,Valparaíso, Valparaíso, 149.40 , 926 ,6.2,0.744,-33.6328 ,-78.8669 , -33°37' 58'' , -78°52' 1'' 
5105,Puchuncaví,Valparaíso, Valparaíso, 300.00 ," 18,546 ",61.8,0.734,-32.7478 ,-71.3978 , -32°44' 52'' , -71°23' 52'' 
5107,Quintero,Valparaíso, Valparaíso, 148.00 ," 31,923 ",215.7,0.733,-32.8450 ,-71.4669 ," -32°50' 42"" ", -71°28' 1'' 
5109,Viña del Mar,Valparaíso, Valparaíso, 121.60 ," 334,248 ",2748.8,0.766,-33.0250 ,-71.5150 ," -33°1' 30"" "," -71°30' 54"" "
5201,Isla de Pascua,Isla de Pascua, Valparaíso, 163.60 ," 7,750 ",47.4,0.715,-27.1286 ,-109.3597 , -27°7' 43'' , -109°21' 35'' 
5301,Los Andes,Los Andes, Valparaíso," 1,248.00 "," 66,708 ",53.5,0.756,-32.8369 ,-70.5969 , -32°50' 13'' , -70°35' 49'' 
5302,Calle Larga,Los Andes, Valparaíso, 321.70 ," 14,832 ",46.1,0.706,-32.8831 ,-70.4819 ," -32°52' 59"" "," -70°28' 55"" "
5303,Rinconada,Los Andes, Valparaíso, 122.50 ," 10,207 ",89.3,0.691,-32.8331 ,-70.6883 , -32°49' 59'' , -70°41' 18'' 
5304,San Esteban,Los Andes, Valparaíso, 681.00 ," 18,855 ",27.7,0.732,-32.8050 ,-70.5808 ," -32°48' 18"" ", -70°34' 51'' 
5401,La Ligua,Petorca, Valparaíso," 1,163.00 "," 35,390 ",30.4,0.708,-32.3536 ,-71.2719 , -32°21' 13'' , -71°16' 19'' 
5402,Cabildo,Petorca, Valparaíso," 1,455.00 "," 19,388 ",13.3,0.671,-32.4089 ,-71.0800 , -32°24' 32'' ," -71°4' 48"" "
5403,Papudo,Petorca, Valparaíso, 64.30 ," 6,356 ",98.9,0.734,-32.4700 ,-71.3808 ," -32°28' 12"" ", -71°22' 51'' 
5404,Petorca,Petorca, Valparaíso," 1,517.00 "," 9,826 ",6.48,0.696,-32.2900 ,-70.9500 ," -32°17' 24"" "," -70°57' 0"" "
5405,Zapallar,Petorca, Valparaíso, 288.00 ," 7,339 ",25.5,0.743,-32.5678 ,-71.4378 , -32°34' 4'' , -71°26' 16'' 
5501,Quillota,Quillota, Valparaíso, 302.00 ," 90,517 ",299.5,0.726,-32.9150 ,-71.2639 ," -32°54' 54"" ", -71°15' 50'' 
5502,La Calera,Quillota, Valparaíso, 60.50 ," 50,544 ",835.4,0.7,-32.7839 ,-71.2039 , -32°47' 2'' , -71°12' 14'' 
5503,Hijuelas,Quillota, Valparaíso, 267.00 ," 17,988 ",67.4,0.672,-32.8550 ,-71.0939 ," -32°51' 18"" ", -71°5' 38'' 
5504,La Cruz,Quillota, Valparaíso, 78.00 ," 22,098 ",283.3,0.763,-32.8239 ,-71.2439 , -32°49' 26'' , -71°14' 38'' 
5506,Nogales,Quillota, Valparaíso, 405.00 ," 22,120 ",54.6,0.689,-32.7358 ,-71.2078 , -32°44' 9'' , -71°12' 28'' 
5601,San Antonio,San Antonio, Valparaíso, 405.00 ," 91,350 ",225.6,0.697,-33.5947 ,-71.6072 ," -33°35' 41"" ", -71°36' 26'' 
5602,Algarrobo,San Antonio, Valparaíso, 176.00 ," 13,817 ",78.5,0.722,-33.3692 ,-71.6681 ," -33°22' 09"" "," -71°40' 05"" "
5603,Cartagena,San Antonio, Valparaíso, 246.00 ," 22,738 ",92.4,0.708,-33.5536 ,-71.6075 , -33°33' 13'' , -71°36' 27'' 
5604,El Quisco,San Antonio, Valparaíso, 51.00 ," 15,955 ",312.8,0.745,-33.3914 ,-71.6928 ," -33°23' 29"" "," -71°41' 34"" "
5605,El Tabo,San Antonio, Valparaíso, 99.00 ," 13,286 ",134.2,0.747,-33.4800 ,-71.6208 ," -33°28' 48"" ", -71°37' 15'' 
5606,Santo Domingo,San Antonio, Valparaíso, 536.00 ," 10,900 ",20.3,0.751,-33.7078 ,-71.6300 , -33°42' 28'' ," -71°37' 48"" "
5701,San Felipe,San Felipe de Aconcagua, Valparaíso, 186.00 ," 76,844 ",413.1,0.73,-32.7500 ,-70.7128 ," -32°45' 0"" ", -70°42' 46'' 
5702,Catemu,San Felipe de Aconcagua, Valparaíso, 361.60 ," 13,998 ",38.7,0.669,-32.7808 ,-70.9689 , -32°46' 51'' , -70°58' 8'' 
5703,Llay-Llay,San Felipe de Aconcagua, Valparaíso, 349.10 ," 24,608 ",70.5,0.676,-32.8439 ,-70.9569 , -32°50' 38'' , -70°57' 25'' 
5704,Panquehue,San Felipe de Aconcagua, Valparaíso, 121.90 ," 7,273 ",59.7,0.696,-32.7839 ,-70.8369 , -32°47' 2'' , -70°50' 13'' 
5705,Putaendo,San Felipe de Aconcagua, Valparaíso," 1,474.00 "," 16,754 ",11.4,0.674,-32.6278 ,-70.7158 , -32°37' 40'' , -70°42' 57'' 
5706,Santa María,San Felipe de Aconcagua, Valparaíso, 166.30 ," 15,241 ",91.7,0.699,-32.7503 ,-70.6669 , -32°45' 1'' , -70°40' 1'' 
5801,Quilpué,Marga Marga, Valparaíso, 536.90 ," 151,708 ",282.6,0.752,-33.0475 ,-71.4422 , -33°2' 51'' , -71°26' 32'' 
5802,Limache,Marga Marga, Valparaíso, 294.00 ," 46,121 ",156.9,0.722,-33.0028 ,-71.2608 , -33°0' 10'' , -71°15' 39'' 
5803,Olmué,Marga Marga, Valparaíso, 232.00 ," 17,516 ",75.5,0.701,-33.0089 ,-71.1700 , -33°0' 32'' ," -71°10' 12"" "
5804,Villa Alemana,Marga Marga, Valparaíso, 97.00 ," 126,548 ",1304.6,0.755,-33.0658 ,-71.3289 , -33°3' 57'' , -71°19' 44'' 
6101,Rancagua,Cachapoal, Lib. Gral. Bernardo O' Higgins, 260.30 ," 241,744 ",928.7,0.732,-34.1619 ,-70.7408 , -34°9' 43'' , -70°44' 27'' 
6102,Codegua,Cachapoal, Lib. Gral. Bernardo O' Higgins, 287.00 ," 12,988 ",45.3,0.706,-34.0328 ,-70.6669 , -34°1' 58'' , -70°40' 1'' 
6103,Coinco,Cachapoal, Lib. Gral. Bernardo O' Higgins, 98.00 ," 7,359 ",75.1,0.678,-34.2728 ,-70.9528 , -34°16' 22'' , -70°57' 10'' 
6104,Coltauco,Cachapoal, Lib. Gral. Bernardo O' Higgins, 225.00 ," 19,597 ",87.1,0.644,-34.2969 ,-71.0919 , -34°17' 49'' , -71°5' 31'' 
6105,Doñihue,Cachapoal, Lib. Gral. Bernardo O' Higgins, 78.00 ," 20,887 ",267.8,0.685,-34.1850 ,-70.8839 ," -34°11' 6"" ", -70°53' 2'' 
6106,Graneros,Cachapoal, Lib. Gral. Bernardo O' Higgins, 113.00 ," 33,437 ",295.9,0.691,-34.0628 ,-70.7208 , -34°3' 46'' , -70°43' 15'' 
6107,Las Cabras,Cachapoal, Lib. Gral. Bernardo O' Higgins, 749.00 ," 24,640 ",32.9,0.661,-34.2850 ,-71.3100 ," -34°17' 6"" "," -71°18' 36"" "
6108,Machalí,Cachapoal, Lib. Gral. Bernardo O' Higgins," 2,597.00 "," 52,505 ",20.2,0.73,-34.1850 ,-70.6619 ," -34°11' 6"" ", -70°39' 43'' 
6109,Malloa,Cachapoal, Lib. Gral. Bernardo O' Higgins, 113.00 ," 13,407 ",118.7,0.649,-34.4450 ,-70.9450 ," -34°26' 42"" "," -70°56' 42"" "
6110,Mostazal,Cachapoal, Lib. Gral. Bernardo O' Higgins, 524.00 ," 25,343 ",48.4,0.691,-33.9769 ,-70.7089 , -33°58' 37'' , -70°42' 32'' 
6111,Olivar,Cachapoal, Lib. Gral. Bernardo O' Higgins, 45.00 ," 13,608 ",302.4,0.661,-34.2139 ,-70.8189 , -34°12' 50'' , -70°49' 8'' 
6112,Peumo,Cachapoal, Lib. Gral. Bernardo O' Higgins, 153.10 ," 14,313 ",93.5,0.674,-34.3889 ,-71.1708 , -34°23' 20'' , -71°10' 15'' 
6113,Pichidegua,Cachapoal, Lib. Gral. Bernardo O' Higgins, 320.00 ," 19,714 ",61.6,0.652,-34.3569 ,-71.2869 , -34°21' 25'' , -71°17' 13'' 
6114,Quinta de Tilcoco,Cachapoal, Lib. Gral. Bernardo O' Higgins, 93.00 ," 13,002 ",139.8,0.678,-34.3569 ,-70.9689 , -34°21' 25'' , -70°58' 8'' 
6115,Rengo,Cachapoal, Lib. Gral. Bernardo O' Higgins, 755.00 ," 58,825 ",77.9,0.68,-34.4019 ,-70.8558 , -34°24' 7'' , -70°51' 21'' 
6116,Requínoa,Cachapoal, Lib. Gral. Bernardo O' Higgins, 673.00 ," 27,968 ",41.6,0.668,-34.2828 ,-70.8058 , -34°16' 58'' , -70°48' 21'' 
6117,San Vicente,Cachapoal, Lib. Gral. Bernardo O' Higgins, 497.80 ," 46,766 ",93.9,0.694,-34.0828 ,-71.7500 , -34°4' 58'' ," -71°45' 0"" "
6201,Pichilemu,Cardenal Caro, Lib. Gral. Bernardo O' Higgins, 749.10 ," 16,394 ",21.9,0.677,-34.4019 ,-72.0089 , -34°24' 7'' , -72°0' 32'' 
6202,La Estrella,Cardenal Caro, Lib. Gral. Bernardo O' Higgins, 435.00 ," 3,041 ",6.99,0.696,-34.2000 ,-71.6669 ," -34°12' 0"" ", -71°40' 1'' 
6203,Litueche,Cardenal Caro, Lib. Gral. Bernardo O' Higgins, 619.00 ," 6,294 ",10.2,0.645,-34.1189 ,-71.7278 , -34°7' 8'' , -71°43' 40'' 
6204,Marchihue,Cardenal Caro, Lib. Gral. Bernardo O' Higgins, 660.00 ," 7,308 ",11.1,0.67,-34.4000 ,-71.6333 ," -34°23' 60"" ", -71°37' 58'' 
6205,Navidad,Cardenal Caro, Lib. Gral. Bernardo O' Higgins, 300.00 ," 6,641 ",22.1,0.651,-33.9500 ,-71.8328 ," -33°57' 0"" ", -71°49' 58'' 
6206,Paredones,Cardenal Caro, Lib. Gral. Bernardo O' Higgins, 562.00 ," 6,188 ",11,0.628,-34.6608 ,-71.8939 , -34°39' 39'' , -71°53' 38'' 
6301,San Fernando,Colchagua, Lib. Gral. Bernardo O' Higgins," 2,441.00 "," 73,973 ",30.3,0.725,-34.5839 ,-70.9869 , -34°35' 2'' , -70°59' 13'' 
6302,Chépica,Colchagua, Lib. Gral. Bernardo O' Higgins, 503.00 ," 15,037 ",29.9,0.637,-34.7328 ,-71.2828 , -34°43' 58'' , -71°16' 58'' 
6303,Chimbarongo,Colchagua, Lib. Gral. Bernardo O' Higgins, 498.00 ," 35,399 ",71.1,0.674,-34.7078 ,-71.0419 , -34°42' 28'' , -71°2' 31'' 
6304,Lolol,Colchagua, Lib. Gral. Bernardo O' Higgins, 597.00 ," 6,811 ",11.4,0.628,-34.7308 ,-71.6358 , -34°43' 51'' , -71°38' 9'' 
6305,Nancagua,Colchagua, Lib. Gral. Bernardo O' Higgins, 111.00 ," 17,833 ",160.7,0.665,-34.6489 ,-71.2028 , -34°38' 56'' , -71°12' 10'' 
6306,Palmilla,Colchagua, Lib. Gral. Bernardo O' Higgins, 237.00 ," 12,482 ",52.7,0.676,-34.6039 ,-71.3578 , -34°36' 14'' , -71°21' 28'' 
6307,Peralillo,Colchagua, Lib. Gral. Bernardo O' Higgins, 282.60 ," 11,007 ",38.9,0.653,-34.4828 ,-71.4828 , -34°28' 58'' , -71°28' 58'' 
6308,Placilla,Colchagua, Lib. Gral. Bernardo O' Higgins, 146.90 ," 8,738 ",59.5,0.621,-34.6328 ,-71.1169 , -34°37' 58'' , -71°7' 1'' 
6309,Pumanque,Colchagua, Lib. Gral. Bernardo O' Higgins, 441.00 ," 3,421 ",7.76,0.635,-34.6050 ,-71.6439 ," -34°36' 18"" ", -71°38' 38'' 
6310,Santa Cruz,Colchagua, Lib. Gral. Bernardo O' Higgins, 419.50 ," 37,855 ",90.2,0.719,-34.6308 ,-71.3589 , -34°37' 51'' , -71°21' 32'' 
7101,Talca,Talca, Maule, 232.00 ," 220,357 ",949.8,0.731,-35.4228 ,-71.6569 , -35°25' 22'' , -71°39' 25'' 
7102,Constitución,Talca, Maule," 1,344.00 "," 46,068 ",34.3,0.715,-35.3389 ,-72.4139 , -35°20' 20'' , -72°24' 50'' 
7103,Curepto,Talca, Maule," 1,073.80 "," 9,448 ",8.8,0.644,-35.0828 ,-72.0169 , -35°4' 58'' , -72°1' 1'' 
7104,Empedrado,Talca, Maule, 565.00 ," 4,142 ",7.33,0.637,-35.5908 ,-72.2728 , -35°35' 27'' , -72°16' 22'' 
7105,Maule,Talca, Maule, 190.00 ," 49,721 ",261.7,0.681,-35.5158 ,-71.5719 , -35°30' 57'' , -71°34' 19'' 
7106,Pelarco,Talca, Maule, 332.00 ," 8,422 ",25.4,0.653,-35.3778 ,-71.4450 , -35°22' 40'' ," -71°26' 42"" "
7107,Pencahue,Talca, Maule, 956.80 ," 8,245 ",8.62,0.649,-35.4000 ,-71.8167 , -35°23' 27'' ," -71°47' 60"" "
7108,Río Claro,Talca, Maule, 431.00 ," 13,906 ",32.3,0.671,-35.2169 ,-71.2500 , -35°13' 1'' ," -71°15' 0"" "
7109,San Clemente,Talca, Maule," 4,504.00 "," 43,269 ",9.61,0.659,-35.5339 ,-71.4858 , -35°32' 2'' , -71°29' 9'' 
7110,San Rafael,Talca, Maule, 263.50 ," 9,191 ",34.9,0.629,-35.3169 ,-71.5328 , -35°19' 1'' , -71°31' 58'' 
7201,Cauquenes,Cauquenes, Maule," 2,216.00 "," 40,441 ",18.3,0.656,-35.9639 ,-72.3169 , -35°57' 50'' , -72°19' 1'' 
7202,Chanco,Cauquenes, Maule, 530.00 ," 8,928 ",16.9,0.612,-35.7289 ,-72.5300 , -35°43' 44'' ," -72°31' 48"" "
7203,Pelluhue,Cauquenes, Maule, 371.00 ," 7,571 ",20.4,0.694,-35.8139 ,-72.5739 , -35°48' 50'' , -72°34' 26'' 
7301,Curicó,Curicó, Maule," 1,328.00 "," 149,136 ",112.3,0.71,-34.9758 ,-71.2239 , -34°58' 33'' , -71°13' 26'' 
7302,Hualañé,Curicó, Maule, 629.00 ," 9,657 ",15.4,0.631,-34.9828 ,-71.8169 , -34°58' 58'' , -71°49' 1'' 
7303,Licantén,Curicó, Maule, 273.00 ," 6,653 ",24.4,0.705,-34.9828 ,-72.0000 , -34°58' 58'' ," -72°0' 0"" "
7304,Molina,Curicó, Maule," 1,552.00 "," 45,976 ",29.6,0.663,-35.0900 ,-71.2789 ," -35°5' 24"" ", -71°16' 44'' 
7305,Rauco,Curicó, Maule, 309.00 ," 10,484 ",33.9,0.659,-34.9289 ,-71.3108 , -34°55' 44'' , -71°18' 39'' 
7306,Romeral,Curicó, Maule," 1,597.00 "," 15,187 ",9.51,0.668,-34.9669 ,-71.1328 , -34°58' 1'' , -71°7' 58'' 
7307,Sagrada Familia,Curicó, Maule, 548.80 ," 18,544 ",33.8,0.672,-35.0000 ,-71.3828 ," -35°0' 0"" ", -71°22' 58'' 
7308,Teno,Curicó, Maule, 618.40 ," 28,921 ",46.8,0.648,-34.8728 ,-71.1619 , -34°52' 22'' , -71°9' 43'' 
7309,Vichuquén,Curicó, Maule, 426.00 ," 4,322 ",10.2,0.678,-34.8228 ,-72.0350 , -34°49' 22'' ," -72°2' 6"" "
7401,Linares,Linares, Maule," 1,466.00 "," 93,602 ",63.9,0.71,-35.8500 ,-71.5850 ," -35°51' 0"" "," -71°35' 6"" "
7402,Colbún,Linares, Maule," 2,899.90 "," 20,765 ",7.16,0.638,-35.7000 ,-71.4169 ," -35°42' 0"" ", -71°25' 1'' 
7403,Longaví,Linares, Maule," 1,454.00 "," 30,534 ",21,0.626,-35.9658 ,-71.6819 , -35°57' 57'' , -71°40' 55'' 
7404,Parral,Linares, Maule," 1,638.00 "," 41,637 ",25.4,0.656,-36.1469 ,-71.8219 , -36°8' 49'' , -71°49' 19'' 
7405,Retiro,Linares, Maule, 827.00 ," 19,974 ",24.2,0.649,-36.0458 ,-71.7589 , -36°2' 45'' , -71°45' 32'' 
7406,San Javier,Linares, Maule," 1,313.00 "," 45,547 ",34.7,0.654,-35.6000 ,-71.7500 ," -35°2' 60"" ", -71°28' 1'' 
7407,Villa Alegre,Linares, Maule, 190.00 ," 16,221 ",85.4,0.648,-35.6650 ,-71.7419 ," -35°39' 54"" ", -71°44' 31'' 
7408,Yerbas Buenas,Linares, Maule, 262.00 ," 18,081 ",69,0.64,-35.7500 ,-71.5828 ," -35°45' 0"" ", -71°34' 58'' 
8101,Concepción,Concepción, Biobío, 221.60 ," 223,574 ",1008.9,0.757,-36.8150 ,-73.0289 ," -36°48' 54"" ", -73°1' 44'' 
8102,Coronel,Concepción, Biobío, 279.40 ," 116,262 ",416.1,0.682,-36.9819 ,-73.1569 , -36°58' 55'' , -73°9' 25'' 
8103,Chiguayante,Concepción, Biobío, 71.50 ," 85,938 ",1201.9,0.764,-36.9089 ,-73.0278 , -36°54' 32'' , -73°1' 40'' 
8104,Florida,Concepción, Biobío, 608.60 ," 10,624 ",17.5,0.604,-36.8208 ,-72.6619 , -36°49' 15'' , -72°39' 43'' 
8105,Hualqui,Concepción, Biobío, 530.50 ," 24,333 ",589.2,0.666,-36.9669 ,-72.9328 , -36°58' 1'' , -72°55' 58'' 
8106,Lota,Concepción, Biobío, 135.80 ," 43,535 ",320.6,0.643,-37.0889 ,-73.1550 , -37°5' 20'' ," -73°9' 18"" "
8107,Penco,Concepción, Biobío, 107.60 ," 47,367 ",440.2,0.689,-36.7419 ,-72.9978 , -36°44' 31'' , -72°59' 52'' 
8108,San Pedro de La Paz,Concepción, Biobío, 112.50 ," 131,808 ",1171.6,0.787,-36.8639 ,-73.1078 , -36°51' 50'' , -73°6' 28'' 
8109,Santa Juana,Concepción, Biobío, 731.20 ," 13,749 ",18.8,0.626,-37.1792 ,-72.9353 , -37°10' 45'' , -72°56' 7'' 
8110,Talcahuano,Concepción, Biobío, 92.30 ," 151,749 ",1644.1,0.731,-36.7358 ,-73.1050 , -36°44' 9'' ," -73°6' 18"" "
8111,Tomé,Concepción, Biobío, 494.50 ," 54,946 ",111.1,0.668,-36.6239 ,-72.9500 , -36°37' 26'' ," -72°57' 0"" "
8112,Hualpén,Concepción, Biobío, 53.50 ," 91,773 ",1715.4,,-36.7889 ,-73.1100 , -36°47' 20'' ," -73°6' 36"" "
8201,Lebu,Arauco, Biobío, 561.40 ," 25,522 ",45.5,0.633,-37.6058 ,-73.6428 , -37°36' 21'' , -73°38' 34'' 
8202,Arauco,Arauco, Biobío, 956.10 ," 36,257 ",37.9,0.704,-37.2569 ,-73.2839 , -37°15' 25'' , -73°17' 2'' 
8203,Cañete,Arauco, Biobío," 1,089.20 "," 34,537 ",31.7,0.641,-35.2828 ,-72.2328 , -35°16' 58'' , -72°13' 58'' 
8204,Contulmo,Arauco, Biobío, 638.80 ," 6,031 ",9.44,0.603,-38.0050 ,-73.2250 ," -38°0' 18"" "," -73°13' 30"" "
8205,Curanilahue,Arauco, Biobío, 994.30 ," 32,288 ",32.5,0.643,-37.4719 ,-73.3478 , -37°28' 19'' , -73°20' 52'' 
8206,Los Álamos,Arauco, Biobío, 599.10 ," 21,035 ",35.1,0.645,-37.6208 ,-73.4558 , -37°37' 15'' , -73°27' 21'' 
8207,Tirúa,Arauco, Biobío, 624.40 ," 10,417 ",16.7,0.584,-38.3389 ,-73.4839 , -38°20' 20'' , -73°29' 2'' 
8301,Los Ángeles,Biobío, Biobío," 1,748.20 "," 202,331 ",115.7,0.696,-36.9439 ,-72.3508 , -36°56' 38'' , -72°21' 3'' 
8302,Antuco,Biobío, Biobío," 1,884.10 "," 4,073 ",2.16,0.662,-37.3269 ,-71.6778 , -37°19' 37'' , -71°40' 40'' 
8303,Cabrero,Biobío, Biobío, 639.80 ," 28,573 ",44.7,0.635,-37.0389 ,-72.3989 , -37°2' 20'' , -72°23' 56'' 
8304,Laja,Biobío, Biobío, 339.80 ," 22,389 ",65.9,0.665,-37.2669 ,-72.7000 , -37°16' 1'' ," -72°42' 0"" "
8305,Mulchén,Biobío, Biobío," 1,925.30 "," 29,627 ",15.4,0.639,-37.7150 ,-72.2389 ," -37°42' 54"" ", -72°14' 20'' 
8306,Nacimiento,Biobío, Biobío, 934.90 ," 26,315 ",28.2,0.656,-37.5008 ,-72.6758 , -37°30' 3'' , -72°40' 33'' 
8307,Negrete,Biobío, Biobío, 156.50 ," 9,737 ",62.2,0.629,-37.5828 ,-72.5169 , -37°34' 58'' , -72°31' 1'' 
8308,Quilaco,Biobío, Biobío," 1,123.70 "," 3,988 ",3.55,0.635,-37.6800 ,-72.0069 ," -37°40' 48"" ", -72°0' 25'' 
8309,Quilleco,Biobío, Biobío," 1,121.80 "," 9,587 ",8.55,0.641,-37.4669 ,-71.9669 , -37°28' 1'' , -71°58' 1'' 
8310,San Rosendo,Biobío, Biobío, 92.40 ," 3,412 ",36.9,0.647,-37.2578 ,-72.7158 , -37°15' 28'' , -72°42' 57'' 
8311,Santa Bárbara,Biobío, Biobío," 1,254.90 "," 13,773 ",10.9,0.637,-37.6628 ,-72.0178 , -37°39' 46'' , -72°1' 4'' 
8312,Tucapel,Biobío, Biobío, 914.90 ," 14,134 ",15.5,0.655,-37.6328 ,-73.3328 , -37°37' 58'' , -73°19' 58'' 
8313,Yumbel,Biobío, Biobío, 727.00 ," 21,198 ",29.2,0.597,-37.0958 ,-72.5558 , -37°5' 45'' , -72°33' 21'' 
8314,Alto Biobío,Biobío, Biobío," 2,124.60 "," 5,923 ",2.79,,-38.6189 ,-71.3242 , -38°37' 8'' , -71°19' 27'' 
9101,Temuco,Cautín, La Araucanía, 464.00 ," 282,415 ",608.7,0.763,-38.7269 ,-72.5989 , -38°43' 37'' , -72°35' 56'' 
9102,Carahue,Cautín, La Araucanía," 1,340.60 "," 24,533 ",18.3,0.604,-38.7069 ,-73.1600 , -38°42' 25'' ," -73°9' 36"" "
9103,Cunco,Cautín, La Araucanía," 1,906.50 "," 17,526 ",9.19,0.659,-38.9300 ,-72.0269 ," -38°55' 48"" ", -72°1' 37'' 
9104,Curarrehue,Cautín, La Araucanía," 1,170.70 "," 7,489 ",6.4,0.603,-39.3589 ,-71.5878 , -39°21' 32'' , -71°35' 16'' 
9105,Freire,Cautín, La Araucanía, 935.20 ," 24,606 ",26.3,0.614,-38.9539 ,-72.6219 , -38°57' 14'' , -72°37' 19'' 
9106,Galvarino,Cautín, La Araucanía, 568.20 ," 11,996 ",21.1,0.611,-38.4000 ,-72.7833 ," -38°23' 60"" ", -72°46' 58'' 
9107,Gorbea,Cautín, La Araucanía, 694.50 ," 14,414 ",20.8,0.644,-39.0950 ,-72.6719 ," -39°5' 42"" ", -72°40' 19'' 
9108,Lautaro,Cautín, La Araucanía, 901.10 ," 38,013 ",42.2,0.669,-38.5289 ,-72.4269 , -38°31' 44'' , -72°25' 37'' 
9109,Loncoche,Cautín, La Araucanía, 976.80 ," 23,612 ",24.2,0.652,-39.3539 ,-72.6278 , -39°21' 14'' , -72°37' 40'' 
9110,Melipeuco,Cautín, La Araucanía," 1,107.30 "," 6,138 ",5.54,0.629,-38.8428 ,-71.6869 , -38°50' 34'' , -71°41' 13'' 
9111,Nueva Imperial,Cautín, La Araucanía, 732.50 ," 32,510 ",44.4,0.629,-38.7450 ,-72.9500 ," -38°44' 42"" "," -72°57' 0"" "
9112,Padre Las Casas,Cautín, La Araucanía, 400.70 , 76 ,190,0.662,-38.7658 ,-72.5928 , -38°45' 57'' , -72°35' 34'' 
9113,Perquenco,Cautín, La Araucanía, 330.70 ," 6,905 ",20.9,0.63,-38.4169 ,-72.3828 , -38°25' 1'' , -72°22' 58'' 
9114,Pitrufquén,Cautín, La Araucanía, 580.70 ," 24,837 ",42.8,0.663,-38.9828 ,-72.6428 , -38°58' 58'' , -72°38' 34'' 
9115,Pucón,Cautín, La Araucanía," 1,248.50 "," 28,523 ",22.8,0.767,-39.2819 ,-71.9539 , -39°16' 55'' , -71°57' 14'' 
9116,Saavedra,Cautín, La Araucanía, 400.80 ," 12,450 ",31.1,0.574,-38.7828 ,-73.4000 , -38°46' 58'' ," -73°24' 0"" "
9117,Teodoro Schmidt,Cautín, La Araucanía, 649.90 ," 15,045 ",23.2,0.607,-38.9667 ,-73.0500 , -38°58' 1'' ," -73°2' 60"" "
9118,Toltén,Cautín, La Araucanía, 860.40 ," 9,722 ",11.3,0.617,-39.2169 ,-73.2169 , -39°13' 1'' , -73°13' 1'' 
9119,Vilcún,Cautín, La Araucanía," 1,420.90 "," 28,151 ",19.8,0.643,-39.1167 ,-72.3794 ," -38°38' 60"" ", -72°13' 58'' 
9120,Villarrica,Cautín, La Araucanía," 1,291.10 "," 55,478 ",43,0.698,-39.2800 ,-72.2178 ," -39°16' 48"" ", -72°13' 4'' 
9121,Cholchol,Cautín, La Araucanía, 427.90 ," 11,611 ",27.1,,-38.6000 ,-72.8500 ," -38°36' 0"" "," -72°50' 60"" "
9201,Angol,Malleco, La Araucanía," 1,194.40 "," 53,262 ",44.6,0.707,-37.8028 ,-72.7019 , -37°48' 10'' , -72°42' 7'' 
9202,Collipulli,Malleco, La Araucanía," 1,295.90 "," 24,598 ",19,0.633,-37.9528 ,-72.4319 , -37°57' 10'' , -72°25' 55'' 
9203,Curacautín,Malleco, La Araucanía," 1,664.00 "," 17,413 ",10.5,0.657,-38.4319 ,-71.8900 , -38°25' 55'' ," -71°53' 24"" "
9204,Ercilla,Malleco, La Araucanía, 499.70 ," 7,733 ",15.5,0.609,-38.0500 ,-72.3833 ," -38°2' 60"" ", -72°22' 58'' 
9205,Lonquimay,Malleco, La Araucanía," 3,914.20 "," 10,251 ",2.62,0.629,-38.4328 ,-71.2328 , -38°25' 58'' , -71°13' 58'' 
9206,Los Sauces,Malleco, La Araucanía, 849.80 ," 7,265 ",8.55,0.602,-37.9669 ,-72.8328 , -37°58' 1'' , -72°49' 58'' 
9207,Lumaco,Malleco, La Araucanía," 1,119.00 "," 9,548 ",8.53,0.603,-38.1628 ,-72.9039 , -38°9' 46'' , -72°54' 14'' 
9208,Purén,Malleco, La Araucanía, 464.90 ," 11,779 ",25.3,0.594,-38.0219 ,-73.0700 , -38°1' 19'' ," -73°4' 12"" "
9209,Renaico,Malleco, La Araucanía, 267.40 ," 10,250 ",38.3,0.615,-37.6669 ,-72.5828 , -37°40' 1'' , -72°34' 58'' 
9210,Traiguén,Malleco, La Araucanía, 908.00 ," 18,843 ",20.8,0.657,-38.2478 ,-72.6750 , -38°14' 52'' ," -72°40' 30"" "
9211,Victoria,Malleco, La Araucanía," 1,256.00 "," 34,182 ",27.2,0.686,-38.2300 ,-72.3428 ," -38°13' 48"" ", -72°20' 34'' 
10101,Puerto Montt,Llanquihue, Los Lagos," 1,673.00 "," 245,902 ",147,0.718,-41.4539 ,-72.9928 , -41°27' 14'' , -72°59' 34'' 
10102,Calbuco,Llanquihue, Los Lagos, 590.80 ," 33,985 ",57.5,0.642,-41.7578 ,-73.1508 , -41°45' 28'' , -73°9' 3'' 
10103,Cochamó,Llanquihue, Los Lagos," 3,910.80 "," 4,023 ",1.03,0.69,-41.5000 ,-72.3169 ," -41°30' 0"" ", -72°19' 1'' 
10104,Fresia,Llanquihue, Los Lagos," 1,278.10 "," 12,261 ",9.59,0.657,-41.1528 ,-73.4200 , -41°9' 10'' ," -73°25' 12"" "
10105,Frutillar,Llanquihue, Los Lagos, 831.40 ," 18,428 ",22.2,0.669,-41.1167 ,-73.1000 , -41°7' 1'' ," -73°5' 60"" "
10106,Los Muermos,Llanquihue, Los Lagos," 1,245.80 "," 17,068 ",13.7,0.648,-41.3908 ,-73.4650 , -41°23' 27'' ," -73°27' 54"" "
10107,Llanquihue,Llanquihue, Los Lagos, 420.80 ," 17,591 ",41.8,0.695,-41.2658 ,-73.0119 , -41°15' 57'' , -73°0' 43'' 
10108,Maullín,Llanquihue, Los Lagos, 860.80 ," 14,216 ",16.5,0.691,-41.6178 ,-73.5978 , -41°37' 4'' , -73°35' 52'' 
10109,Puerto Varas,Llanquihue, Los Lagos," 4,064.90 "," 44,578 ",11,0.748,-41.3228 ,-72.9700 , -41°19' 22'' ," -72°58' 12"" "
10201,Castro,Chiloé, Los Lagos, 472.50 ," 43,807 ",92.7,0.72,-42.4778 ,-73.7789 , -42°28' 40'' , -73°46' 44'' 
10202,Ancud,Chiloé, Los Lagos," 1,752.40 "," 38,991 ",22.3,0.705,-41.8769 ,-73.8139 , -41°52' 37'' , -73°48' 50'' 
10203,Chonchi,Chiloé, Los Lagos," 1,362.10 "," 14,858 ",10.9,0.641,-42.6258 ,-73.7808 , -42°37' 33'' , -73°46' 51'' 
10204,Curaco de Vélez,Chiloé, Los Lagos, 80.00 ," 3,829 ",47.9,0.702,-42.4339 ,-73.5819 , -42°26' 2'' , -73°34' 55'' 
10205,Dalcahue,Chiloé, Los Lagos," 1,239.40 "," 13,762 ",11.1,0.69,-42.3739 ,-73.6508 , -42°22' 26'' , -73°39' 3'' 
10206,Puqueldón,Chiloé, Los Lagos, 97.30 ," 3,921 ",40.3,0.628,-42.6039 ,-73.6839 , -42°36' 14'' , -73°41' 2'' 
10207,Queilén,Chiloé, Los Lagos, 332.90 ," 5,385 ",16.2,0.646,-42.8739 ,-73.4700 , -42°52' 26'' ," -73°28' 12"" "
10208,Quellón,Chiloé, Los Lagos," 3,244.00 "," 27,192 ",8.38,0.67,-43.1208 ,-73.6078 , -43°7' 15'' , -73°36' 28'' 
10209,Quemchi,Chiloé, Los Lagos, 440.30 ," 8,352 ",19,0.656,-42.1419 ,-73.4778 , -42°8' 31'' , -73°28' 40'' 
10210,Quinchao,Chiloé, Los Lagos, 160.70 ," 8,088 ",50.3,0.648,-42.4789 ,-73.4969 , -42°28' 44'' , -73°29' 49'' 
10301,Osorno,Osorno, Los Lagos, 951.00 ," 161,460 ",169.8,0.7,-40.5739 ,-73.1258 , -40°34' 26'' , -73°7' 33'' 
10302,Puerto Octay,Osorno, Los Lagos," 1,795.70 "," 8,999 ",5.01,0.679,-40.9669 ,-72.9000 , -40°58' 1'' ," -72°54' 0"" "
10303,Purranque,Osorno, Los Lagos," 1,458.80 "," 20,369 ",14,0.627,-40.9089 ,-73.1750 , -40°54' 32'' ," -73°10' 30"" "
10304,Puyehue,Osorno, Los Lagos," 1,597.90 "," 11,667 ",7.3,0.675,-40.7169 ,-72.3208 , -40°43' 1'' , -72°19' 15'' 
10305,Río Negro,Osorno, Los Lagos," 1,265.70 "," 14,085 ",11.1,0.633,-41.9669 ,-72.4500 , -41°58' 1'' ," -72°27' 0"" "
10306,San Juan de la Costa,Osorno, Los Lagos," 1,517.00 "," 7,512 ",4.95,0.51,-40.5008 ,-73.3919 , -40°30' 3'' , -73°23' 31'' 
10307,San Pablo,Osorno, Los Lagos, 637.30 ," 10,030 ",15.8,0.625,-40.4000 ,-73.0167 ," -40°23' 60"" ", -73°1' 1'' 
10401,Chaitén,Palena, Los Lagos," 8,470.50 "," 5,071 ",0.6,0.704,-42.8989 ,-72.6669 , -42°53' 56'' , -72°40' 1'' 
10402,Futaleufú,Palena, Los Lagos," 1,280.00 "," 2,623 ",2.05,0.665,-43.1678 ,-71.8478 , -43°10' 4'' , -71°50' 52'' 
10403,Hualaihué,Palena, Los Lagos," 2,787.70 "," 8,944 ",3.21,0.659,-41.9919 ,-72.6669 , -41°59' 31'' , -72°40' 1'' 
10404,Palena,Palena, Los Lagos," 2,763.70 "," 1,711 ",0.62,0.667,-43.6228 ,-71.8039 , -43°37' 22'' , -71°48' 14'' 
11101,Coyhaique,Coyhaique, Aysén del Gral. C. Ibáñez del Campo," 7,290.20 "," 57,818 ",7.93,0.751,-45.5639 ,-72.0650 , -45°33' 50'' ," -72°3' 54"" "
11102,Lago Verde,Coyhaique, Aysén del Gral. C. Ibáñez del Campo," 5,422.30 ", 852 ,0.16,0.637,-44.2189 ,-71.8389 , -44°13' 8'' , -71°50' 20'' 
11201,Aysén,Aysén, Aysén del Gral. C. Ibáñez del Campo," 29,796.40 "," 23,959 ",0.8,0.674,-45.4119 ,-72.6978 , -45°24' 43'' , -72°41' 52'' 
11202,Cisnes,Aysén, Aysén del Gral. C. Ibáñez del Campo," 16,093.00 "," 6,517 ",0.41,0.725,-44.7508 ,-72.6969 , -44°45' 3'' , -72°41' 49'' 
11203,Guaitecas,Aysén, Aysén del Gral. C. Ibáñez del Campo, 620.60 ," 1,843 ",2.97,0.654,-43.8839 ,-73.9500 , -43°53' 2'' ," -73°57' 0"" "
11301,Cochrane,Capitán Prat, Aysén del Gral. C. Ibáñez del Campo," 8,599.50 "," 3,490 ",0.41,0.668,-47.2539 ,-72.5733 , -47°16' 1'' ," -72°32' 60"" "
11302,O' Higgins,Capitán Prat, Aysén del Gral. C. Ibáñez del Campo," 8,182.50 ", 625 ,0.08,0.572,-48.4667 ,-72.5667 ," -48°47' 60"" ", -73°10' 58'' 
11303,Tortel,Capitán Prat, Aysén del Gral. C. Ibáñez del Campo," 19,710.60 ", 523 ,0.03,0.655,-47.7808 ,-73.5119 , -47°46' 51'' , -73°30' 43'' 
11401,Chile Chico,General Carrera, Aysén del Gral. C. Ibáñez del Campo," 5,737.10 "," 4,865 ",0.85,0.707,-46.5375 ,-71.7292 ," -46°32' 60"" ", -71°43' 58'' 
11402,Río Ibáñez,General Carrera, Aysén del Gral. C. Ibáñez del Campo," 5,997.20 "," 2,666 ",0.45,0.654,-46.2550 ,-71.9500 ," -46°15' 18"" "," -71°57' 0"" "
12101,Punta Arenas,Magallanes, Magallanes y Antártica Chilena," 17,846.30 "," 131,592 ",7.37,0.748,-53.1478 ,-70.9069 , -53°8' 52'' , -70°54' 25'' 
12102,Laguna Blanca,Magallanes, Magallanes y Antártica Chilena," 3,695.60 ", 274 ,0.07,0.785,-52.2669 ,-71.1828 , -52°16' 1'' , -71°10' 58'' 
12103,Río Verde,Magallanes, Magallanes y Antártica Chilena," 17,248.00 ", 617 ,0.04,0.784,-52.6278 ,-71.4769 , -52°37' 40'' , -71°28' 37'' 
12104,San Gregorio,Magallanes, Magallanes y Antártica Chilena," 6,883.70 ", 799 ,0.12,0.823,-52.5669 ,-70.0669 , -52°34' 1'' , -70°4' 1'' 
12201,Cabo de Hornos,Antártica Chilena, Magallanes y Antártica Chilena," 15,578.70 "," 2,063 ",0.13,0.806,-54.9469 ,-67.6069 , -54°56' 49'' , -67°36' 25'' 
12202,Antártica,Antártica Chilena, Magallanes y Antártica Chilena," 1,250,257.60 ", 127 ,0.0001,,-75.0000 ,-71.5000 ," -75°0' 0"" "," -71°30' 00"" "
12301,Porvenir,Tierra del Fuego, Magallanes y Antártica Chilena," 9,707.40 "," 6,801 ",0.7,0.731,-53.2978 ,-70.3850 , -53°17' 52'' ," -70°23' 6"" "
12302,Primavera,Tierra del Fuego, Magallanes y Antártica Chilena," 4,253.40 "," 1,158 ",0.27,0.774,-52.8858 ,-69.3528 , -52°53' 9'' , -69°21' 10'' 
12303,Timaukel,Tierra del Fuego, Magallanes y Antártica Chilena," 10,758.90 ", 405 ,0.04,0.717,-53.6719 ,-69.7100 , -53°40' 19'' ," -69°42' 36"" "
12401,Natales,Última Esperanza, Magallanes y Antártica Chilena," 49,924.10 "," 21,477 ",0.43,0.699,-51.7328 ,-72.5169 , -51°43' 58'' , -72°31' 1'' 
12402,Torres del Paine,Última Esperanza, Magallanes y Antártica Chilena," 6,630.00 "," 1,209 ",0.18,0.73,-50.9819 ,-72.4989 , -50°58' 55'' , -72°29' 56'' 
13101,Santiago,Santiago, Metropolitana de Santiago, 23.20 ," 404,495 ","17 435,1",0.807,-33.4372 ,-70.6572 ," -33°26' 14"" "," -70°39' 26"" "
13102,Cerrillos,Santiago, Metropolitana de Santiago, 21.00 ," 80,832 ",3849.1,0.743,-33.5000 ,-70.7167 ," -33°30' 0"" "," -70°43' 0"" "
13103,Cerro Navia,Santiago, Metropolitana de Santiago, 11.00 ," 132,622 ","12 056,5",0.683,-33.4219 ,-70.7350 , -33°25' 19'' ," -70°44' 6"" "
13104,Conchalí,Santiago, Metropolitana de Santiago, 10.70 ," 126,955 ","11 865,0",0.707,-33.3800 ,-70.6750 ," -33°22' 48"" "," -70°40' 30"" "
13105,El Bosque,Santiago, Metropolitana de Santiago, 14.20 ," 162,505 ","11 444,0",0.711,-33.5669 ,-70.6750 , -33°34' 1'' ," -70°40' 30"" "
13106,Estación Central,Santiago, Metropolitana de Santiago, 15.00 ," 147,041 ",9802.7,0.735,-33.4589 ,-70.6989 , -33°27' 32'' , -70°41' 56'' 
13107,Huechuraba,Santiago, Metropolitana de Santiago, 44.80 ," 98,671 ",2202.5,0.737,-33.3678 ,-70.6339 , -33°22' 4'' , -70°38' 2'' 
13108,Independencia,Santiago, Metropolitana de Santiago, 7.00 ," 100,281 ","14 325,9",0.709,-33.4128 ,-70.6658 , -33°24' 46'' , -70°39' 57'' 
13109,La Cisterna,Santiago, Metropolitana de Santiago, 10.00 ," 90,119 ",9011.9,0.775,-33.5289 ,-70.6628 , -33°31' 44'' , -70°39' 46'' 
13110,La Florida,Santiago, Metropolitana de Santiago, 70.20 ," 366,916 ",5226.7,0.804,-33.5250 ,-70.5378 ," -33°31' 30"" ", -70°32' 16'' 
13111,La Granja,Santiago, Metropolitana de Santiago, 10.00 ," 116,571 ","11 657,1",0.689,-33.5833 ,-70.5833 ," -33°31' 60"" "," -70°37' 30"" "
13112,La Pintana,Santiago, Metropolitana de Santiago, 30.60 ," 177,335 ",5795.3,0.679,-33.5828 ,-70.6339 , -33°34' 58'' , -70°38' 2'' 
13113,La Reina,Santiago, Metropolitana de Santiago, 23.00 ," 92,787 ",4034.2,0.883,-33.4428 ,-70.5319 , -33°26' 34'' , -70°31' 55'' 
13114,Las Condes,Santiago, Metropolitana de Santiago, 99.00 ," 294,838 ",2978.2,0.933,-33.4167 ,-70.5833 ," -33°25' 0"" "," -70°35' 0"" "
13115,Lo Barnechea,Santiago, Metropolitana de Santiago," 1,024.00 "," 105,833 ",103.4,0.912,-33.3500 ,-70.5167 ," -33°21' 0"" "," -70°31' 0"" "
13116,Lo Espejo,Santiago, Metropolitana de Santiago, 7.00 ," 98,804 ","14 114,9",0.657,-33.5219 ,-70.6869 , -33°31' 19'' , -70°41' 13'' 
13117,Lo Prado,Santiago, Metropolitana de Santiago, 7.00 ," 96,249 ","13 749,9",0.715,-33.4450 ,-70.7258 ," -33°26' 42"" ", -70°43' 33'' 
13118,Macul,Santiago, Metropolitana de Santiago, 12.90 ," 116,534 ",9033.6,0.806,-33.4869 ,-70.6039 , -33°29' 13'' , -70°36' 14'' 
13119,Maipú,Santiago, Metropolitana de Santiago, 135.50 ," 521,657 ",3849.6,0.902,-33.5167 ,-70.7667 ," -33°31' 0"" "," -70°46' 0"" "
13120,Ñuñoa,Santiago, Metropolitana de Santiago, 16.90 ," 208,237 ","13 321,7",0.86,-33.4539 ,-70.6039 , -33°27' 14'' , -70°36' 14'' 
13121,Pedro Aguirre Cerda,Santiago, Metropolitana de Santiago, 10.00 ," 101,174 ","10 117,4",0.708,-33.4661 ,-70.6336 , -33°27' 58'' , -70°38' 1'' 
13122,Peñalolén,Santiago, Metropolitana de Santiago, 54.00 ," 241,599 ",4474.1,0.743,-33.4861 ,-70.5333 , -33°29' 10'' ," -70°32' 0"" "
13123,Providencia,Santiago, Metropolitana de Santiago, 14.30 ," 142,079 ",9935.6,0.911,-33.4350 ,-70.6158 ," -33°26' 6"" ", -70°36' 57'' 
13124,Pudahuel,Santiago, Metropolitana de Santiago, 197.00 ," 230,293 ",1197,0.735,-33.4333 ,-70.7167 ," -33°26' 0"" "," -70°43' 0"" "
13125,Quilicura,Santiago, Metropolitana de Santiago, 58.00 ," 210,410 ",3627.8,0.782,-33.3608 ,-70.7289 , -33°21' 39'' , -70°43' 44'' 
13126,Quinta Normal,Santiago, Metropolitana de Santiago, 13.00 ," 110,026 ",8463.5,0.723,-33.4269 ,-70.6989 , -33°25' 37'' , -70°41' 56'' 
13127,Recoleta,Santiago, Metropolitana de Santiago, 16.00 ," 157,851 ",9865.7,0.697,-33.4058 ,-70.6400 , -33°24' 21'' ," -70°38' 24"" "
13128,Renca,Santiago, Metropolitana de Santiago, 24.00 ," 147,151 ",6131.3,0.709,-33.3978 ,-70.7228 , -33°23' 52'' , -70°43' 22'' 
13129,San Joaquín,Santiago, Metropolitana de Santiago, 9.70 ," 94,492 ",9741.4,0.719,-33.4908 ,-70.6278 , -33°29' 27'' , -70°37' 40'' 
13130,San Miguel,Santiago, Metropolitana de Santiago, 10.00 ," 107,954 ","10 795,4",0.765,-33.4858 ,-70.6494 ," -33°29' 9"" "," -70°38' 58"" "
13131,San Ramón,Santiago, Metropolitana de Santiago, 7.00 ," 82,900 ","11 842,8",0.679,-33.5428 ,-70.6439 ," -33°31' 60"" "," -70°38' 30"" "
13132,Vitacura,Santiago, Metropolitana de Santiago, 28.30 ," 85,384 ",3017.1,0.949,-33.4000 ,-70.6000 ," -33°24' 0"" "," -70°36' 0"" "
13201,Puente Alto,Cordillera, Metropolitana de Santiago, 88.00 ," 568,106 ",6455.8,0.773,-33.6158 ,-70.5700 , -33°36' 57'' ," -70°34' 12"" "
13202,Pirque,Cordillera, Metropolitana de Santiago, 445.30 ," 26,521 ",59.6,0.807,-33.6333 ,-70.5500 ," -33°38' 60"" ", -70°33' 50'' 
13203,San José de Maipo,Cordillera, Metropolitana de Santiago," 4,994.80 "," 18,189 ",3.64,0.759,-33.6439 ,-70.3528 , -33°38' 38'' , -70°21' 10'' 
13301,Colina,Chacabuco, Metropolitana de Santiago, 971.20 ," 146,207 ",150.5,0.726,-33.1939 ,-70.6678 , -33°11' 38'' , -70°40' 4'' 
13302,Lampa,Chacabuco, Metropolitana de Santiago, 452.00 ," 102,034 ",225.7,0.697,-33.2858 ,-70.8778 , -33°17' 9'' , -70°52' 40'' 
13303,Til Til,Chacabuco, Metropolitana de Santiago, 653.00 ," 19,312 ",29.6,0.706,-33.0850 ,-70.9250 ," -33°5' 6"" "," -70°55' 30"" "
13401,San Bernardo,Maipo, Metropolitana de Santiago, 155.00 ," 301,313 ",1943.9,0.712,-33.5819 ,-70.6869 , -33°34' 55'' , -70°41' 13'' 
13402,Buin,Maipo, Metropolitana de Santiago, 214.00 ," 96,614 ",451.5,0.731,-33.7278 ,-70.7389 , -33°43' 40'' , -70°44' 20'' 
13403,Calera de Tango,Maipo, Metropolitana de Santiago, 73.30 ," 25,392 ",346.4,0.792,-33.6278 ,-70.7850 , -33°37' 40'' ," -70°47' 6"" "
13404,Paine,Maipo, Metropolitana de Santiago, 820.00 ," 72,759 ",88.7,0.718,-33.8119 ,-70.7228 , -33°48' 43'' , -70°43' 22'' 
13501,Melipilla,Melipilla, Metropolitana de Santiago," 1,345.00 "," 123,627 ",91.9,0.735,-33.6889 ,-71.2078 , -33°41' 20'' , -71°12' 28'' 
13502,Alhué,Melipilla, Metropolitana de Santiago, 845.00 ," 6,444 ",7.63,0.7,-34.0333 ,-71.1000 , -34°1' 58'' ," -71°5' 60"" "
13503,Curacaví,Melipilla, Metropolitana de Santiago, 693.00 ," 32,579 ",47,0.71,-33.3989 ,-71.1369 , -33°23' 56'' , -71°8' 13'' 
13504,María Pinto,Melipilla, Metropolitana de Santiago, 393.50 ," 13,590 ",34.5,0.698,-33.5150 ,-71.1189 ," -33°30' 54"" ", -71°7' 8'' 
13505,San Pedro,Melipilla, Metropolitana de Santiago, 788.00 ," 9,726 ",12.3,0.701,-33.9000 ,-71.4667 ," -33°53' 60"" ", -71°28' 1'' 
13601,Talagante,Talagante, Metropolitana de Santiago, 126.00 ," 74,237 ",589.2,0.749,-33.6669 ,-70.9308 , -33°40' 1'' , -70°55' 51'' 
13602,El Monte,Talagante, Metropolitana de Santiago, 118.00 ," 35,923 ",304.4,0.688,-33.6839 ,-71.0169 , -33°41' 2'' , -71°1' 1'' 
13603,Isla de Maipo,Talagante, Metropolitana de Santiago, 189.00 ," 36,219 ",191.6,0.724,-33.7539 ,-70.8858 , -33°45' 14'' , -70°53' 9'' 
13604,Padre Hurtado,Talagante, Metropolitana de Santiago, 80.80 ," 63,250 ",782.8,0.728,-33.5667 ,-70.8333 , -33°34' 33'' ," -70°47' 60"" "
13605,Peñaflor,Talagante, Metropolitana de Santiago, 69.00 ," 90,201 ",1307.3,0.753,-33.6061 ,-70.8764 , -33°36' 22'' , -70°52' 35'' 
14101,Valdivia,Valdivia, Los Ríos," 1,016.00 "," 166,080 ",163.5,0.754,-39.8142 ,-73.2458 ," -39°47' 60"" ", -73°13' 58'' 
14102,Corral,Valdivia, Los Ríos, 767.00 ," 5,302 ",6.91,0.658,-39.8669 ,-73.4328 , -39°52' 1'' , -73°25' 58'' 
14103,Lanco,Valdivia, Los Ríos, 532.40 ," 16,752 ",31.5,0.648,-39.4469 ,-72.7719 , -39°26' 49'' , -72°46' 19'' 
14104,Los Lagos,Valdivia, Los Ríos," 1,791.20 "," 19,634 ",11,0.658,-41.9200 ,-72.1419 ," -41°55' 12"" ", -72°8' 31'' 
14105,Máfil,Valdivia, Los Ríos, 583.00 ," 7,095 ",12.2,0.655,-39.6500 ,-72.9500 ," -39°38' 60"" "," -72°57' 0"" "
14106,Mariquina,Valdivia, Los Ríos," 1,320.50 "," 21,278 ",16.1,0.653,-40.1328 ,-72.3328 , -40°7' 58'' , -72°19' 58'' 
14107,Paillaco,Valdivia, Los Ríos, 896.00 ," 20,188 ",22.5,0.647,-40.0678 ,-72.8828 , -40°4' 4'' , -72°52' 58'' 
14108,Panguipulli,Valdivia, Los Ríos," 3,292.00 "," 34,539 ",10.5,0.627,-39.6419 ,-72.3400 , -39°38' 31'' ," -72°20' 24"" "
14201,La Unión,Ranco, Los Ríos," 2,137.00 "," 38,036 ",17.8,0.687,-40.2919 ,-73.0878 , -40°17' 31'' , -73°5' 16'' 
14202,Futrono,Ranco, Los Ríos," 2,267.50 "," 14,665 ",6.47,0.637,-40.1308 ,-72.3958 , -40°7' 51'' , -72°23' 45'' 
14203,Lago Ranco,Ranco, Los Ríos," 1,763.30 "," 9,896 ",5.61,0.606,-40.3169 ,-72.5000 , -40°19' 1'' ," -72°30' 0"" "
14204,Río Bueno,Ranco, Los Ríos," 2,211.70 "," 31,372 ",14.2,0.624,-40.3378 ,-72.9569 , -40°20' 16'' , -72°57' 25'' 
15101,Arica,Arica, Arica y Parinacota," 4,799.40 "," 221,364 ",0.46,38.4,-18.4550 ,-70.2900 ," -18°27' 18"" "," -70°17' 24"" "
15102,Camarones,Arica, Arica y Parinacota," 3,927.00 "," 1,255 ",0.32,0.751,-19.0169 ,-69.8669 , -19°1' 1'' , -69°52' 1'' 
15201,Putre,Parinacota, Arica y Parinacota," 5,902.50 "," 2,765 ",0.47,0.707,-18.2000 ,-69.5828 ," -18°12' 0"" ", -69°34' 58'' 
15202,General Lagos,Parinacota, Arica y Parinacota," 2,244.40 ", 684 ,0.31,0.67,-17.6528 ,-69.6350 , -17°39' 10'' ," -69°38' 6"" "
16101,Chillán,Diguillín, Ñuble, 511.20 ," 184,739 ",361.4,0.714,-36.6008 ,-72.1089 , -36°36' 3'' , -72°6' 32'' 
16102,Bulnes,Diguillín, Ñuble, 425.40 ," 21,493 ",50.5,0.626,-36.7389 ,-72.2919 , -36°44' 20'' , -72°17' 31'' 
16103,Chillán Viejo,Diguillín, Ñuble, 291.80 ," 30,907 ",105.9,0.732,-36.6328 ,-72.1400 , -36°37' 58'' ," -72°8' 24"" "
16104,El Carmen,Diguillín, Ñuble, 664.30 ," 12,044 ",18.1,0.611,-36.9000 ,-72.0333 ," -36°53' 60"" ", -72°1' 58'' 
16105,Pemuco,Diguillín, Ñuble, 562.70 ," 8,448 ",15,0.631,-36.9778 ,-72.0908 , -36°58' 40'' , -72°5' 27'' 
16106,Pinto,Diguillín, Ñuble," 1,164.00 "," 10,827 ",9.3,0.618,-36.7000 ,-71.9000 ," -36°42' 0"" "," -71°54' 0"" "
16107,Quillón,Diguillín, Ñuble, 423.00 ," 17,485 ",41.3,0.59,-36.7378 ,-72.4689 , -36°44' 16'' , -72°28' 8'' 
16108,San Ignacio,Diguillín, Ñuble, 363.60 ," 16,079 ",44.2,0.618,-36.8000 ,-72.0333 ," -36°47' 60"" ", -72°1' 58'' 
16109,Yungay,Diguillín, Ñuble, 823.50 ," 17,787 ",21.6,0.669,-37.1044 ,-71.9306 , -37°6' 16'' , -71°55' 50'' 
16201,Quirihue,Itata, Ñuble, 589.00 ," 11,594 ",19.7,0.594,-36.2808 ,-72.5450 , -36°16' 51'' ," -72°32' 42"" "
16202,Cobquecura,Itata, Ñuble, 570.30 ," 5,012 ",8.79,0.633,-36.1328 ,-72.7828 , -36°7' 58'' , -72°46' 58'' 
16203,Coelemu,Itata, Ñuble, 342.30 ," 15,995 ",46.7,0.611,-36.4850 ,-72.6939 ," -36°29' 6"" ", -72°41' 38'' 
16204,Ninhue,Itata, Ñuble, 401.20 ," 5,213 ",13,0.569,-36.4008 ,-72.3969 , -36°24' 3'' , -72°23' 49'' 
16205,Portezuelo,Itata, Ñuble, 282.30 ," 4,862 ",17.2,0.599,-36.5328 ,-72.4328 , -36°31' 58'' , -72°25' 58'' 
16206,Ránquil,Itata, Ñuble, 248.30 ," 5,755 ",23.2,0.586,-36.6500 ,-72.5500 ," -36°38' 60"" "," -72°32' 60"" "
16207,Treguaco,Itata, Ñuble, 313.10 ," 5,401 ",17.3,0.562,-36.4289 ,-72.6650 , -36°25' 44'' ," -72°39' 54"" "
16301,San Carlos,Punilla, Ñuble, 874.00 ," 53,024 ",60.7,0.653,-36.4219 ,-71.9589 , -36°25' 19'' , -71°57' 32'' 
16302,Coihueco,Punilla, Ñuble," 1,776.60 "," 26,881 ",15.1,0.639,-36.6282 ,-71.8318 , -36°3’7 41’’ , -71°4’9 54’’ 
16303,Ñiquén,Punilla, Ñuble, 493.10 ," 11,152 ",22.6,0.629,-36.2869 ,-71.8989 , -36°17' 13'' , -71°53' 56'' 
16304,San Fabián,Punilla, Ñuble," 1,568.30 "," 4,308 ",2.75,0.618,-36.5539 ,-71.5489 , -36°33' 14'' , -71°32' 56'' 
16305,San Nicolás,Punilla, Ñuble, 490.50 ," 11,603 ",23.7,0.625,-36.8828 ,-72.4828 , -36°52' 58'' , -72°28' 58'' 